{
    "test_accuracy": 0.9848484848484849,
    "test_loss": 0.22898631791273752,
    "confusion_matrix": [
        [
            8,
            0,
            0,
            0,
            0,
            0,
            0,
            0,
            0,
            0
        ],
        [
            0,
            6,
            0,
            0,
            0,
            0,
            0,
            0,
            0,
            0
        ],
        [
            0,
            0,
            6,
            0,
            0,
            0,
            0,
            0,
            0,
            0
        ],
        [
            0,
            0,
            0,
            6,
            0,
            0,
            0,
            0,
            0,
            0
        ],
        [
            0,
            0,
            0,
            0,
            5,
            0,
            0,
            0,
            1,
            0
        ],
        [
            0,
            0,
            0,
            0,
            0,
            6,
            0,
            0,
            0,
            0
        ],
        [
            0,
            0,
            0,
            0,
            0,
            0,
            8,
            0,
            0,
            0
        ],
        [
            0,
            0,
            0,
            0,
            0,
            0,
            0,
            6,
            0,
            0
        ],
        [
            0,
            0,
            0,
            0,
            0,
            0,
            0,
            0,
            6,
            0
        ],
        [
            0,
            0,
            0,
            0,
            0,
            0,
            0,
            0,
            0,
            8
        ]
    ],
    "classification_report": "                precision    recall  f1-score   support\n\n          help     1.0000    1.0000    1.0000         8\n       i_or_me     1.0000    1.0000    1.0000         6\n         light     1.0000    1.0000    1.0000         6\n          need     1.0000    1.0000    1.0000         6\n            no     1.0000    0.8333    0.9091         6\n         paper     1.0000    1.0000    1.0000         6\n        pillow     1.0000    1.0000    1.0000         8\nremote_control     1.0000    1.0000    1.0000         6\n       service     0.8571    1.0000    0.9231         6\n         towel     1.0000    1.0000    1.0000         8\n\n      accuracy                         0.9848        66\n     macro avg     0.9857    0.9833    0.9832        66\n  weighted avg     0.9870    0.9848    0.9847        66\n",
    "class_metrics": {
        "help": {
            "accuracy": 1.0,
            "total": 8,
            "correct": 8,
            "errors": 0
        },
        "i_or_me": {
            "accuracy": 1.0,
            "total": 6,
            "correct": 6,
            "errors": 0
        },
        "light": {
            "accuracy": 1.0,
            "total": 6,
            "correct": 6,
            "errors": 0
        },
        "need": {
            "accuracy": 1.0,
            "total": 6,
            "correct": 6,
            "errors": 0
        },
        "no": {
            "accuracy": 0.8333333333333334,
            "total": 6,
            "correct": 5,
            "errors": 1
        },
        "paper": {
            "accuracy": 1.0,
            "total": 6,
            "correct": 6,
            "errors": 0
        },
        "pillow": {
            "accuracy": 1.0,
            "total": 8,
            "correct": 8,
            "errors": 0
        },
        "remote_control": {
            "accuracy": 1.0,
            "total": 6,
            "correct": 6,
            "errors": 0
        },
        "service": {
            "accuracy": 1.0,
            "total": 6,
            "correct": 6,
            "errors": 0
        },
        "towel": {
            "accuracy": 1.0,
            "total": 8,
            "correct": 8,
            "errors": 0
        }
    },
    "history": {
        "train_loss": [
            2.037008509039879,
            1.293889507651329,
            0.7627334222197533,
            0.5584272593259811,
            0.5166710093617439,
            0.511852890253067,
            0.5085536018013954,
            0.5070221051573753,
            0.5059497281908989,
            0.5050877779722214,
            0.504605308175087,
            0.504900187253952,
            0.5046859309077263,
            0.5042917877435684
        ],
        "val_loss": [
            1.9582710266113281,
            1.2239262163639069,
            0.8155843317508698,
            0.337215393781662,
            0.15221602469682693,
            0.12507832795381546,
            0.13348988816142082,
            0.14740905910730362,
            0.1545630246400833,
            0.13894537463784218,
            0.1355992890894413,
            0.1537039503455162,
            0.15274062752723694,
            0.1412162333726883
        ],
        "train_acc": [
            0.34513274336283184,
            0.8053097345132744,
            1.0,
            1.0,
            1.0,
            1.0,
            1.0,
            1.0,
            1.0,
            1.0,
            1.0,
            1.0,
            1.0,
            1.0
        ],
        "val_acc": [
            0.5151515151515151,
            0.7878787878787878,
            0.8787878787878788,
            1.0,
            1.0,
            1.0,
            1.0,
            1.0,
            1.0,
            1.0,
            1.0,
            1.0,
            1.0,
            1.0
        ]
    },
    "glosas": [
        "help",
        "i_or_me",
        "light",
        "need",
        "no",
        "paper",
        "pillow",
        "remote_control",
        "service",
        "towel"
    ],
    "predictions": [
        0,
        0,
        0,
        0,
        1,
        1,
        1,
        2,
        2,
        2,
        3,
        3,
        3,
        4,
        4,
        4,
        5,
        5,
        5,
        6,
        6,
        6,
        6,
        7,
        7,
        7,
        8,
        8,
        8,
        9,
        9,
        9,
        9,
        0,
        0,
        0,
        0,
        1,
        1,
        1,
        2,
        2,
        2,
        3,
        3,
        3,
        4,
        4,
        8,
        5,
        5,
        5,
        6,
        6,
        6,
        6,
        7,
        7,
        7,
        8,
        8,
        8,
        9,
        9,
        9,
        9
    ],
    "true_labels": [
        0,
        0,
        0,
        0,
        1,
        1,
        1,
        2,
        2,
        2,
        3,
        3,
        3,
        4,
        4,
        4,
        5,
        5,
        5,
        6,
        6,
        6,
        6,
        7,
        7,
        7,
        8,
        8,
        8,
        9,
        9,
        9,
        9,
        0,
        0,
        0,
        0,
        1,
        1,
        1,
        2,
        2,
        2,
        3,
        3,
        3,
        4,
        4,
        4,
        5,
        5,
        5,
        6,
        6,
        6,
        6,
        7,
        7,
        7,
        8,
        8,
        8,
        9,
        9,
        9,
        9
    ],
    "model_config": {
        "d_model": 256,
        "nhead": 8,
        "num_layers": 4,
        "dim_feedforward": 512,
        "dropout": 0.1,
        "max_seq_len": 100,
        "feature_dim": 150
    },
    "training_config": {
        "batch_size": 32,
        "learning_rate": 0.0003,
        "weight_decay": 0.0001,
        "epochs": 30,
        "test_size": 0.15,
        "val_size": 0.15,
        "random_seed": 42
    }
}